{"i":1000,"val_loss_history":[1.9194882810116],"val_loss_history_it":[1000],"forward_backward_times":{},"opt":{"max_epochs":50,"checkpoint_every":1000,"batch_size":50,"memory_benchmark":0,"init_from":"","grad_clip":5,"model_type":"lstm","lr_decay_every":5,"print_every":1,"wordvec_size":64,"seq_length":50,"input_json":"\/data\/viking2.json","num_layers":2,"input_h5":"\/data\/viking2.h5","reset_iterations":1,"rnn_size":128,"dropout":0,"checkpoint_name":"cv\/checkpoint","batchnorm":0,"learning_rate":0.002,"speed_benchmark":0,"gpu_backend":"cuda","lr_decay_factor":0.5,"gpu":-1},"train_loss_history":[4.8656306266785,4.7660884857178,4.6171193122864,4.3787431716919,4.1360340118408,3.9307489395142,3.7197284698486,3.5882050991058,3.4680180549622,3.3336136341095,3.2842190265656,3.2364602088928,3.233654499054,3.2909293174744,3.2915780544281,3.3253157138824,3.2907953262329,3.2269184589386,3.2374770641327,3.1450924873352,3.1776604652405,3.2319326400757,3.1639358997345,3.1639168262482,3.1295621395111,3.1766753196716,3.1699156761169,3.1000092029572,3.1557238101959,3.1886692047119,3.1121850013733,3.1388075351715,3.1608350276947,3.149099111557,3.1491670608521,3.1750402450562,3.1468126773834,3.171044588089,3.1540172100067,3.1238231658936,3.0820100307465,3.1513888835907,3.0982942581177,3.1168842315674,3.1282732486725,3.1344933509827,3.1692004203796,3.1605348587036,3.1080415248871,3.0844025611877,3.067449092865,3.083948135376,3.1106979846954,3.1003255844116,3.100203037262,3.0558569431305,3.0789453983307,3.0407032966614,2.9847013950348,3.0095276832581,3.0130054950714,2.9287157058716,2.8760442733765,2.8984045982361,2.8611569404602,2.8641610145569,2.8782186508179,2.8910901546478,2.9333670139313,2.9271478652954,2.8643126487732,2.8855645656586,2.8385231494904,2.7682015895844,2.7810175418854,2.7830092906952,2.8084144592285,2.7590181827545,2.883585691452,2.885705947876,2.8916041851044,2.798130273819,2.741800069809,2.8136217594147,2.7450685501099,2.8167252540588,2.7586176395416,2.7532227039337,2.7226958274841,2.7385683059692,2.6584799289703,2.8027586936951,2.8386561870575,2.7183368206024,2.7187004089355,2.7790217399597,2.7269387245178,2.7360582351685,2.7736122608185,2.6848442554474,2.6251909732819,2.6151516437531,2.6329827308655,2.6043975353241,2.5059497356415,2.5514063835144,2.5189940929413,2.5883934497833,2.6118404865265,2.6572687625885,2.5583553314209,2.5836424827576,2.6025545597076,2.6983942985535,2.5979285240173,2.5578348636627,2.5400490760803,2.5879342556,2.5812108516693,2.6040358543396,2.5523204803467,2.5882015228271,2.5337715148926,2.5749816894531,2.5128326416016,2.4995441436768,2.4753525257111,2.5209338665009,2.5596272945404,2.5918083190918,2.5329072475433,2.4907269477844,2.5307939052582,2.4798755645752,2.5079936981201,2.4815104007721,2.4938447475433,2.501603603363,2.4218082427979,2.3794453144073,2.3510272502899,2.4003455638885,2.361115694046,2.4776864051819,2.4678053855896,2.3638753890991,2.3515057563782,2.3658766746521,2.367525100708,2.3824627399445,2.3389022350311,2.3961317539215,2.3693299293518,2.3156566619873,2.3717317581177,2.3525531291962,2.4089868068695,2.4073038101196,2.3491456508636,2.3697426319122,2.3789494037628,2.3975374698639,2.416601896286,2.3829140663147,2.3655200004578,2.3545212745667,2.3938965797424,2.3255414962769,2.2925343513489,2.2789883613586,2.3738944530487,2.2956931591034,2.3035125732422,2.3643386363983,2.2751839160919,2.3825035095215,2.3509044647217,2.4345924854279,2.3294801712036,2.3397581577301,2.3572864532471,2.348840713501,2.3195602893829,2.2574434280396,2.2479298114777,2.2577655315399,2.2266676425934,2.2799983024597,2.2584223747253,2.3172287940979,2.2950780391693,2.2588727474213,2.2289836406708,2.282568693161,2.2923855781555,2.3228690624237,2.2607126235962,2.289302110672,2.2293117046356,2.3426241874695,2.243967294693,2.2947854995728,2.2604207992554,2.3084652423859,2.2589137554169,2.2524225711823,2.2456834316254,2.2357957363129,2.2427549362183,2.2540926933289,2.2539582252502,2.3441956043243,2.2788622379303,2.2323017120361,2.2344932556152,2.2116208076477,2.247364282608,2.2826390266418,2.2306821346283,2.273378610611,2.2336430549622,2.1863055229187,2.1872951984406,2.2723999023438,2.2583372592926,2.3083534240723,2.3033921718597,2.2012202739716,2.1308243274689,2.1943545341492,2.1960213184357,2.2019910812378,2.1934094429016,2.2042098045349,2.1943454742432,2.1373901367188,2.16960978508,2.1115698814392,2.1619844436646,2.1922962665558,2.1727614402771,2.2501044273376,2.2118368148804,2.1875531673431,2.1657652854919,2.1432118415833,2.1734185218811,2.2599604129791,2.1371312141418,2.1489403247833,2.1583185195923,2.2146902084351,2.1880252361298,2.1269624233246,2.1335673332214,2.165931224823,2.1280977725983,2.1186947822571,2.1170270442963,2.1424531936646,2.0883033275604,2.1169571876526,2.1118166446686,2.1146738529205,2.1468765735626,2.1419832706451,2.1385431289673,2.1863641738892,2.1088960170746,2.1489856243134,2.1733629703522,2.159848690033,2.1826422214508,2.2116146087646,2.1677057743073,2.1189422607422,2.1141049861908,2.1282141208649,2.1431496143341,2.1649146080017,2.1710152626038,2.1077642440796,2.1538589000702,2.0868878364563,2.077531337738,2.0630102157593,2.1115772724152,2.0548613071442,2.0145523548126,2.0235693454742,2.0404756069183,2.0457577705383,2.0987544059753,2.0929186344147,2.1138134002686,2.1578845977783,2.0558876991272,2.127170085907,2.0288126468658,2.018354177475,2.0364031791687,2.0442225933075,2.120245218277,2.0461940765381,2.1130421161652,2.1163845062256,2.1402394771576,2.1212420463562,2.0975499153137,2.1452693939209,2.0457863807678,2.121808052063,2.0811491012573,2.1072461605072,2.1316516399384,2.1065318584442,2.0288302898407,2.1476328372955,2.2013745307922,2.0911574363708,2.123126745224,2.2207007408142,2.1153635978699,2.1541011333466,2.1562197208405,2.1333465576172,2.0723152160645,2.0666387081146,2.061669588089,2.0213158130646,1.9388982057571,1.9936923980713,2.0192973613739,2.0368196964264,2.0653877258301,2.1069340705872,1.9982972145081,1.9902875423431,2.0097529888153,2.0812277793884,2.0335993766785,2.0449159145355,2.0332562923431,2.0523858070374,2.045063495636,2.1322648525238,2.05118060112,2.0848076343536,2.0287623405457,2.0804178714752,2.0234439373016,1.9928439855576,2.0046758651733,2.0333359241486,2.0648732185364,2.0808556079865,2.0710115432739,2.0362491607666,2.0760929584503,2.052592754364,2.0752348899841,2.0755515098572,2.0320489406586,2.0519938468933,1.9909148216248,1.9904142618179,1.9624922275543,1.99766933918,1.9577158689499,2.0297031402588,1.9962241649628,1.942721247673,1.9213664531708,1.9512746334076,1.9444539546967,1.9359345436096,1.9387631416321,1.9579417705536,1.9614930152893,1.9434851408005,1.9737285375595,1.9898728132248,2.024023771286,2.057023525238,2.0012490749359,2.0436084270477,1.9951333999634,2.03915143013,2.0353684425354,2.0243275165558,1.9891185760498,2.0147788524628,2.015114068985,1.9886275529861,1.951602935791,1.9294556379318,2.0313305854797,1.9605439901352,1.9894080162048,2.0446588993073,1.9693245887756,2.06809425354,2.0504550933838,2.1132211685181,2.0237624645233,2.0328750610352,2.0720467567444,2.0504066944122,2.0293037891388,1.9403640031815,1.9295951128006,1.9586184024811,1.9019995927811,1.98486328125,1.964995265007,2.0375592708588,2.0190410614014,1.9883986711502,1.949382185936,2.0188233852386,2.018098115921,2.0288405418396,1.9794368743896,1.9825328588486,1.9567494392395,2.0594325065613,1.961442232132,2.0245292186737,2.0222206115723,2.0308592319489,1.9911072254181,1.965515255928,1.9844566583633,1.9544064998627,1.9560703039169,1.9525425434113,1.9702949523926,2.069657087326,1.9946500062943,1.9570726156235,1.9407640695572,1.9192026853561,1.9515126943588,2.0132663249969,1.9781227111816,1.9833943843842,1.9651427268982,1.9153929948807,1.9065978527069,1.9703320264816,1.9778822660446,2.0375874042511,2.0559175014496,1.9168875217438,1.8677353858948,1.9263402223587,1.9473937749863,1.9507032632828,1.9218615293503,1.9366310834885,1.9530194997787,1.8948295116425,1.9140447378159,1.861923456192,1.916042804718,1.9259332418442,